"","meanUmsy","lowerCI","upperCI","U1970s","U1980s","U1990s","U2000s","UAll"
"Igushik",0.538556683918145,0.438008896218793,0.628661899391927,0.1761333702,0.3637638322,0.314492275,0.4080543103,0.305014367021277
"Wood",0.6062513813893,0.538167092722355,0.675354578655919,0.3901957556,0.5915251495,0.6482846413,0.7275815789,0.572874715553191
"Nushagak",0.556212187348984,0.426016461537683,0.646010269281463,0.3601225816,0.5680183406,0.5403838298,0.6911828659,0.517827945234043
"Kvichak",0.428286475803229,0.32383607570323,0.525878308411867,0.3454098513,0.5198008659,0.5062773686,0.3355378528,0.422030451191489
"Alagnak",0.58032144581744,0.484898901461311,0.673033117358137,0.3734060145,0.5011410814,0.5598441875,0.3187798757,0.436384789638298
"Naknek",0.576301321040458,0.481425332061398,0.673438585825922,0.4931300099,0.5967172939,0.6243875593,0.4239027521,0.515014985702128
"Egegik",0.654524317252966,0.584185392627795,0.72065148296718,0.5115980292,0.7948617891,0.8311205188,0.8082395131,0.709944297723404
"Ugashik",0.540426363595182,0.426531630565943,0.643134358655137,0.2486687506,0.6642920335,0.6982623722,0.6744197578,0.554155618319149
