"stock","alpha","beta"
"Igushik",1.32306040799666,1.55412199222602e-06
"Wood",1.55254730808128,3.65164686261175e-07
"Nushagak",1.36824024273104,6.10154688015817e-07
"Kvichak",0.99593977441365,6.71263879594294e-08
"Alagnak",1.46415042090638,7.20820466089656e-07
"Naknek",1.45319372432151,3.07061232379639e-07
"Egegik",1.72924222703638,1.91949037229348e-07
"Ugashik",1.33056833748948,3.09613174332458e-07
