"stock","alpha","beta"
"Igushik",1.32400647072089,1.55849468047752e-06
"Wood",1.5537858848743,3.65496206145926e-07
"Nushagak",1.3698337375507,6.13688030283411e-07
"Kvichak",0.996007857498686,6.72369156611707e-08
"Alagnak",1.46527947514467,7.22443661202881e-07
"Naknek",1.45392336391004,3.07257038814433e-07
"Egegik",1.7292061110631,1.9287000690552e-07
"Ugashik",1.32782309143615,3.09475677969833e-07
